driverId,week,hours-logged,miles-logged
69,13,73,1400
64,45,64,2200
45,16,61,3400
65,15,62,1600
73,27,54,4000
96,15,75,3300
103,46,56,200
34,19,63,1200
104,2,50,400
52,8,73,1400
25,11,73,1200
71,24,51,1100
58,21,58,1000
38,31,64,600
14,47,64,200
25,39,72,0
44,6,57,1900
98,37,68,2900
88,10,53,900
60,46,65,3500
102,36,57,100
48,25,80,3800
52,17,50,3700
79,50,73,2000
52,14,63,1700
56,20,71,800
53,14,69,100
105,30,60,2500
62,46,57,3700
96,14,55,3000
78,46,70,2500
54,22,71,2500
10,18,75,1300
13,52,79,1800
97,17,61,3600
42,8,52,2500
41,47,67,2900
19,25,53,2500
36,9,61,1400
51,52,78,3800
38,1,55,3200
61,43,51,0
88,18,66,800
29,42,79,2300
24,10,56,1200
60,10,78,3500
89,34,66,3000
67,7,63,1300
36,25,68,3700
19,38,72,2000
29,40,72,400
24,25,53,2300
89,33,58,2800
52,47,58,600
68,24,80,3100
108,2,68,3100
27,16,70,3000
74,13,67,700
53,10,52,3600
14,5,54,3300
49,13,59,3300
58,35,72,1400
77,7,64,3700
22,11,54,700
49,30,61,400
46,9,80,1500
85,38,60,1900
42,46,55,900
106,8,51,3700
73,36,64,3900
89,6,51,1500
34,48,58,1900
29,40,76,1300
63,13,73,1900
26,31,67,2400
109,25,78,300
14,4,61,3800
81,26,62,4000
97,2,52,800
90,35,72,0
80,5,80,2300
108,40,70,3400
15,34,73,3900
90,8,55,600
89,5,59,2600
80,30,61,2900
97,28,57,1200
70,36,80,3900
42,46,60,2000
31,8,75,1500
75,27,68,1000
10,11,60,3100
57,19,64,1700
11,38,68,4000
32,1,62,3800
72,5,53,1300
67,51,75,2100
56,27,56,900
66,39,76,1200
46,19,68,900
17,30,62,2000
108,8,77,3600
64,6,59,2500
51,28,74,500
66,37,76,2800
35,45,60,2400
86,41,59,2900
63,28,60,1200
26,13,65,3800
31,2,67,300
60,5,57,600
38,22,73,3300
68,50,62,3500
65,6,55,1700
68,27,66,600
104,4,70,1000
53,40,56,3100
17,22,75,2700
34,47,60,3800
28,15,63,3300
16,25,64,3200
20,43,53,900
81,4,75,200
32,50,78,300
102,37,59,3900
57,37,79,700
51,13,63,500
35,8,55,800
30,6,66,3900
82,10,77,800
12,46,67,3500
55,1,68,2800
75,49,76,1000
99,30,63,100
87,38,64,800
58,39,56,3300
14,7,67,2800
75,25,78,1800
100,38,66,1800
22,23,62,3700
74,15,73,1000
91,24,55,700
104,48,55,3900
22,47,62,2500
88,45,54,400
106,24,65,900
38,11,73,1600
49,16,69,500
75,2,78,100
39,6,64,2700
69,52,67,3100
32,27,62,3600
59,21,68,700
19,4,73,2200
27,22,72,900
47,47,71,2800
32,13,66,1400
10,44,66,100
60,10,70,3900
88,32,69,600
23,41,72,3100
108,38,53,3200
92,20,61,800
90,35,70,3100
63,43,72,0
91,14,61,4000
90,12,63,3000
82,27,54,3400
102,46,52,100
87,13,54,3400
34,35,71,2300
53,12,51,600
25,39,54,3000
80,19,80,3800
66,31,54,2600
109,38,51,1000
49,13,63,3800
70,52,61,1000
83,43,54,500
65,9,57,3800
42,3,75,2900
25,18,74,1800
89,52,79,4000
61,46,78,3100
94,38,54,600
28,52,56,1300
88,3,55,3500
47,38,75,2000
73,43,62,3300
85,2,54,300
34,9,60,2700
57,11,77,1400
85,29,77,1000
98,3,65,700
68,19,74,3600
78,35,62,1300
98,42,77,2200
91,19,69,1000
74,8,58,3700
88,51,74,2900
49,2,73,2000
55,14,75,2200
108,42,77,3300
83,19,76,0
71,26,64,1200
74,33,61,2200
74,25,65,1300
18,24,79,2400
15,47,51,3200
18,12,61,3800
42,11,63,1100
26,49,71,800
52,52,65,2500
17,23,65,2900
15,50,70,1700
59,42,71,0
12,6,60,3500
108,6,69,1800
30,39,56,1000
19,30,74,2200
93,18,67,3900
55,14,72,3500
31,47,53,3700
56,38,67,3200
27,14,54,300
109,52,64,3300
61,35,61,2700
108,35,77,3100
62,47,53,1900
57,11,61,2700
35,5,57,3400
36,24,67,1700
83,31,76,600
44,32,51,2600
53,26,74,3000
33,3,52,3300
52,11,53,500
47,21,66,1000
103,46,74,3800
43,31,73,1200
93,48,57,3500
88,22,71,1000
95,24,55,2000
50,31,51,3200
13,43,60,1700
78,12,77,2700
83,11,70,3300
67,26,59,3900
68,6,66,1900
48,10,62,2100
98,30,51,1000
24,45,50,3300
20,28,76,3700
76,51,73,200
49,2,68,2700
91,5,58,2600
52,20,58,3700
16,13,75,2200
69,51,54,2400
24,9,58,2600
51,38,80,500
87,44,75,4000
77,24,66,3800
27,47,75,2700
57,14,59,3900
45,43,62,2300
10,13,52,1100
38,30,57,3400
108,26,60,3300
93,19,61,0
28,3,80,200
36,12,71,700
31,31,73,1000
39,24,66,2400
56,1,50,1400
99,45,53,3500
50,23,52,2500
49,14,71,1700
20,14,50,2900
40,36,65,2900
49,51,75,2100
48,8,79,2500
37,16,54,600
43,13,61,3800
98,49,75,3800
82,23,61,2900
75,40,79,3200
78,35,77,3100
44,51,56,600
38,16,50,3100
38,25,58,2200
11,52,70,3000
103,3,63,4000
35,13,50,1000
25,21,59,3300
71,31,76,2700
68,50,66,2300
14,7,74,1900
34,36,52,3200
12,4,60,1600
46,32,70,300
35,5,61,3000
14,46,66,2700
83,28,59,1900
33,5,61,3300
26,25,68,2700
39,13,56,200
13,49,68,600
46,47,79,3300
67,11,56,3000
66,24,53,1700
48,36,64,2800
94,50,80,2900
45,49,71,200
19,6,73,800
108,18,61,2700
31,17,68,3000
83,39,62,1900
15,15,73,700
68,1,52,1400
58,42,65,2600
77,7,50,900
99,15,66,1800
38,42,54,700
106,7,53,1500
49,15,61,3600
22,5,50,0
66,37,74,500
39,41,60,3800
93,25,66,900
45,48,50,2400
82,45,56,1600
29,16,63,3100
14,16,54,1100
17,40,50,3600
83,5,69,3400
85,28,61,3200
90,51,55,2800
46,24,68,2800
103,30,78,3900
39,12,53,2500
97,2,55,1600
71,8,74,3900
18,37,50,3700
20,47,74,2400
46,6,70,1000
18,37,53,1200
24,16,70,2500
45,26,54,2700
14,8,80,600
36,46,70,700
60,3,55,3900
76,15,71,800
105,38,62,3600
91,11,58,2300
109,11,72,500
98,34,62,1000
28,50,78,3500
51,18,52,1700
96,26,77,3500
42,34,50,1300
48,5,57,400
54,19,77,2100
27,7,61,2100
71,23,61,200
11,49,65,900
109,46,51,3300
95,9,76,2400
55,36,69,3200
52,39,79,200
26,38,77,1600
49,6,75,1800
41,3,69,1200
70,11,54,500
105,4,77,800
22,3,71,1600
103,15,63,3400
52,35,77,3900
37,1,75,2500
82,30,66,1400
15,45,76,500
41,15,77,3700
82,1,68,2300
97,28,53,2000
20,46,68,200
58,41,53,1700
10,20,57,3000
16,8,63,2700
36,50,56,1600
93,47,60,3600
52,10,79,3400
95,12,64,100
48,48,63,2200
37,5,72,600
17,6,59,800
69,7,68,500
98,31,66,1100
108,48,69,100
73,7,63,3300
51,17,75,200
107,1,77,0
23,33,66,600
83,49,79,3100
96,11,65,2900
78,13,77,2500
15,40,77,3000
77,33,50,3000
46,18,53,2800
47,3,71,1000
46,13,53,1900
45,44,74,3000
38,19,52,3500
14,23,72,1300
96,32,73,1200
85,7,79,2300
79,14,68,2800
100,42,71,600
79,33,64,1000
77,15,65,0
90,8,66,300
29,32,80,2400
45,47,63,0
61,1,64,1800
108,26,66,2600
53,28,72,700
68,45,76,3400
109,50,80,3100
20,40,74,1300
20,4,78,3600
79,29,58,1400
63,4,74,3300
66,40,67,2400
14,3,55,3300
96,30,79,1500
83,18,74,2200
43,45,79,1800
18,21,51,3900
32,35,55,3100
97,8,77,3100
104,17,54,3900
44,26,77,1600
74,24,56,3600
45,39,55,4000
52,27,73,800
45,34,77,900
39,33,70,900
54,28,74,3500
36,48,69,3000
89,22,53,2800
43,18,64,2300
84,44,57,700
68,29,57,2600
67,51,71,3100
92,31,73,900
21,4,68,900
59,2,76,3800
50,29,51,1200
29,47,69,2900
20,35,79,1500
97,30,62,2500
41,40,65,3100
109,16,51,3300
25,7,66,3300
98,35,75,600
80,12,63,3200
94,30,77,400
19,40,55,600
44,25,54,4000
34,52,51,0
89,46,80,2800
51,12,51,1200
41,7,64,2300
80,13,75,600
80,18,75,3800
21,43,79,1700
97,24,68,3300
108,33,80,3300
84,34,73,1200
74,5,59,700
97,22,76,1600
41,43,56,3900
57,36,53,100
88,47,61,2600
100,37,74,2100
99,22,50,3400
47,38,62,3300
105,20,61,2300
45,21,63,2900
49,24,76,900
19,34,55,100
100,5,79,1400
32,13,74,300
25,23,59,2800
96,18,54,100
71,46,68,0
17,20,70,0
27,48,55,2300
97,20,69,2900
92,36,60,3500
101,35,50,200
19,48,63,1100
94,35,78,0
42,4,52,1800
57,27,65,600
88,28,65,3200
104,44,56,1100
87,19,57,1300
63,17,65,2100
97,17,54,3200
11,49,51,3600
87,4,72,0
10,46,64,1200
91,48,77,2800
19,14,63,900
63,32,63,1400
26,16,65,3800
93,50,67,3600
78,16,53,700
17,9,66,1500
47,16,79,3300
65,49,75,4000
74,19,72,1600
74,46,73,2000
23,13,75,1700
77,26,67,2700
99,35,72,1500
88,1,57,2900
46,44,64,800
12,7,53,4000
32,18,66,3100
105,41,71,4000
86,2,77,1000
43,49,68,3700
90,29,67,300
97,16,78,3700
39,24,64,2200
88,45,66,3900
11,16,80,2900
49,38,53,1500
78,23,68,3400
38,37,52,300
94,11,65,100
16,20,56,2400
60,46,79,400
72,8,52,3900
61,24,62,2200
50,45,58,500
69,13,69,700
31,33,59,3500
55,23,66,2900
60,26,59,900
36,31,76,0
62,20,55,2500
22,52,59,2300
99,50,52,700
87,32,60,600
11,6,57,2200
28,19,68,2600
25,51,66,2200
89,9,80,3100
27,36,77,2000
55,28,52,3500
58,44,58,1100
38,4,79,1300
19,43,54,400
29,10,75,3600
74,2,77,1500
41,22,62,400
34,51,60,600
93,44,51,1300
58,12,57,1600
76,40,58,4000
41,11,55,700
97,6,55,2200
69,19,63,3700
41,28,51,3700
108,41,68,2900
94,13,78,1500
62,23,73,3100
54,24,60,600
95,13,66,2500
98,20,74,2200
42,44,52,2800
75,4,76,2900
34,45,72,3900
69,23,77,1000
21,6,77,1200
105,50,70,0
80,5,65,100
73,6,76,200
86,26,67,2700
96,27,76,3200
56,20,52,4000
38,11,62,2600
99,20,66,900
12,48,68,3500
44,21,62,800
38,11,66,3100
101,2,56,1200
98,25,71,3700
23,42,79,3900
70,37,67,3100
26,7,60,1700
106,20,72,100
57,43,66,500
68,38,79,2300
100,7,58,800
18,36,52,3400
106,35,55,1900
100,26,51,3500
51,23,77,1800
89,13,66,3200
92,7,70,2900
10,24,79,3300
35,48,66,800
50,19,63,2600
69,18,77,2000
57,39,51,3700
85,8,52,1700
71,39,68,2300
34,20,77,700
65,6,70,0
81,31,72,1800
19,9,73,2600
35,49,51,1100
29,46,73,2200
32,49,58,900
65,32,54,600
34,1,54,1400
33,36,60,1300
86,29,68,2600
87,38,56,800
21,26,76,1000
54,4,53,1700
104,47,60,900
109,4,76,300
31,32,76,800
64,31,73,1500
40,29,58,600
21,43,74,3100
44,51,77,200
78,48,55,2000
49,32,61,2900
95,16,75,3200
65,24,52,1000
22,43,78,2000
20,6,61,3100
59,29,55,500
104,43,71,1900
38,14,72,500
96,22,57,0
90,5,74,3000
77,46,57,900
67,22,69,100
89,50,70,2000
80,19,61,3000
49,3,70,3500
61,6,52,3900
15,29,63,1000
35,26,76,400
25,13,53,3100
37,30,61,1400
85,42,54,700
106,9,69,1100
15,13,73,100
31,33,50,2600
27,36,60,400
26,50,65,1100
92,43,64,1000
65,27,68,400
101,35,52,1300
78,28,55,2700
101,16,73,3900
37,50,60,1400
47,50,62,1200
67,32,74,1100
41,38,53,4000
59,52,76,3800
90,14,50,2100
23,7,67,3000
45,13,71,2700
21,41,64,2300
16,25,79,3700
32,33,50,1400
109,38,73,1400
89,15,61,200
67,2,68,3800
60,36,61,1800
107,28,59,4000
95,12,59,1200
87,3,72,2700
74,25,74,3100
35,23,51,2600
42,26,51,1600
89,3,78,3800
56,16,70,3600
45,30,60,3100
94,32,66,4000
47,51,59,800
22,40,78,0
23,4,59,1500
95,25,70,3200
29,30,63,700
90,9,71,1600
21,36,61,400
45,32,66,3000
59,18,51,3100
33,6,79,2600
26,47,54,3300
75,36,66,300
11,31,76,800
104,41,58,3800
39,1,67,2200
79,20,64,3900
51,22,80,2900
88,19,69,2300
92,18,75,4000
105,49,78,2700
18,20,65,3800
37,26,56,2200
62,23,66,2000
12,26,67,3900
100,21,60,1500
92,4,80,2400
75,12,50,600
51,2,56,1600
42,11,67,0
42,13,55,700
27,17,64,500
66,9,66,3700
16,26,80,600
21,38,63,1100
41,35,57,800
62,33,72,2400
53,47,54,2800
52,14,54,3300
62,51,65,800
98,49,66,1500
91,38,56,3500
80,38,55,2900
46,31,66,1100
16,51,74,800
30,35,65,3500
68,51,73,1700
61,48,68,3400
65,19,79,1400
26,49,70,500
59,15,72,3300
96,37,56,1100
95,6,67,500
61,43,56,3900
48,50,52,1600
62,18,52,3200
79,15,68,2100
75,1,62,3300
24,41,64,3400
65,37,72,1900
35,46,73,300
62,38,50,1300
94,15,54,1700
40,24,51,1900
21,17,66,2200
39,43,58,4000
33,46,61,1000
55,50,67,500
87,33,51,1600
45,42,69,0
35,34,60,3400
15,46,63,300
35,26,57,3300
85,16,51,2900
45,33,63,3100
89,46,63,2400
25,9,66,2800
38,18,56,1300
97,8,57,2000
106,29,73,1600
60,43,57,100
33,52,60,2000
31,23,53,3900
39,41,58,1400
64,6,58,1800
38,38,56,3500
14,16,62,700
67,21,76,2000
78,15,78,1700
75,37,50,3200
25,35,74,1600
28,19,57,3700
105,49,56,400
76,1,69,3900
78,26,80,1600
89,1,66,2000
45,27,74,1700
46,16,71,600
108,4,59,2800
97,30,76,2600
24,13,56,300
75,40,79,2200
27,11,57,2400
36,48,76,0
42,12,60,3300
75,33,52,0
98,8,73,1800
54,23,57,1700
29,18,79,3100
15,6,52,3400
109,29,80,500
73,44,59,600
28,4,76,900
58,31,61,3900
99,39,53,2300
34,22,70,1400
93,33,70,2300
32,27,72,1600
46,20,72,500
11,27,58,2800
30,9,69,2300
39,45,54,3700
72,42,52,2600
41,8,77,3800
15,15,77,1100
41,7,77,0
75,4,80,1700
37,23,65,1200
99,9,57,500
27,38,79,1000
54,48,71,1400
92,24,65,1000
77,25,71,3600
88,28,64,3300
90,45,61,2600
98,17,74,1900
75,23,63,0
52,20,62,1200
91,10,60,1500
57,25,53,3600
34,30,50,900
37,49,72,500
86,6,63,1400
69,28,57,800
77,41,63,500
30,16,56,2300
16,14,60,3600
23,25,63,500
50,26,79,2100
12,12,74,2000
43,23,70,1700
15,14,71,3900
58,24,61,100
98,1,59,1400
98,43,57,1100
16,38,66,1100
97,49,62,3600
52,39,58,1700
34,50,66,2900
58,12,54,2000
24,19,54,1800
46,49,62,300
50,18,66,3200
106,51,54,2000
72,10,53,2300
80,49,54,800
18,4,70,200
29,6,51,4000
66,22,53,600
74,49,73,4000
55,3,74,200
92,43,53,3700
94,30,62,1800
30,39,71,900
96,2,77,2200
55,33,70,1500
34,43,58,2500
97,31,72,4000
41,20,64,2000
79,33,53,300
14,47,54,1400
85,3,78,3300
63,30,66,2900
47,15,66,2900
55,21,74,1000
109,33,65,2700
73,14,55,1000
42,39,79,0
99,44,62,400
15,21,69,3500
96,18,54,2300
67,41,64,3800
64,36,51,1600
18,15,51,100
17,35,67,1300
49,49,57,4000
10,44,63,1400
69,42,75,900
11,7,79,1100
72,16,79,3000
21,52,71,2500
105,10,68,3700
76,40,63,2100
12,38,80,1800
67,47,54,1800
56,2,60,0
37,47,69,1500
95,1,75,3200
17,41,66,2400
60,51,65,1400
41,23,65,1000
95,28,69,3600
16,35,74,3800
107,12,57,2400
13,25,65,2800
42,27,57,2800
58,37,64,2600
39,1,60,1200
65,10,78,2900
30,19,62,1400
30,8,80,2700
83,3,57,1800
18,17,58,2900
74,34,51,1400
38,19,66,900
74,43,74,1000
59,27,74,4000
37,52,79,100
65,1,74,200
11,15,55,2700
19,14,55,2700
11,10,55,200
69,5,70,3600
47,47,65,100
33,44,68,600
12,41,69,3600
68,33,53,1600
94,25,63,3200
76,40,62,3800
95,48,72,2500
32,4,78,3200
52,36,73,3500
88,48,51,2300
55,23,55,1700
34,42,74,3800
52,43,52,2200
35,2,72,2100
69,19,60,3000
70,21,60,500
23,24,76,3700
39,30,69,400
78,1,57,3300
103,29,55,3400
35,36,80,2200
18,21,72,1400
56,44,55,2700
15,18,62,2300
98,24,65,2200
19,12,62,3500
26,1,64,0
30,45,57,2300
108,15,57,3700
57,43,59,2600
59,8,74,900
25,36,58,3300
56,49,64,3000
20,14,66,3300
102,22,61,2800
77,19,69,3600
59,10,73,1500
84,26,65,0
38,50,52,600
82,37,60,1700
36,28,76,3200
84,38,53,2600
74,19,66,1800
29,50,79,1300
11,50,55,1000
47,51,69,3500
47,8,67,3400
15,40,75,3400
70,46,59,3300
88,21,78,1100
65,30,73,1100
28,19,56,0
61,16,50,3100
53,15,59,1700
26,44,56,3800
98,30,57,1900
48,10,66,3200
33,7,61,2800
57,39,51,2000
70,28,62,2500
58,12,73,2900
103,11,61,2500
97,50,57,2100
56,42,60,3200
95,6,74,3800
29,19,51,1800
82,19,68,300
37,24,62,2900
58,3,59,100
40,1,54,3900
